Roll_Number,fullName,Gender,BirthDate,age,MBA CGPA,Degree,Graduation Specialization,Graduation Percentage
1,Amit Sharma,Male,5/14/2002,23,6.69,B.C.A.,Computer Applications,53.83
2,Pooja Verma,Female,8/25/1998,27,7.53,B.E.,Biology,68.35
3,Rahul Kumar,Female,3/26/2002,23,7.7,B.Com. (Hons.),Finance,74.16
4,Neha Agarwal,Male,8/15/1997,26,5.82,B.Tech,Electronics And Communication Engineering,68
5,Rohan Das,Male,8/16/1999,25,6.8,B.A. (Hons.),Economics,64.24
6,Swati Gupta,Female,6/24/1996,28,8.35,B.Com. (Hons.),General,67.56
6,Suresh Joshi,Female,7/18/2000,24,8.05,B.A. (Hons.),Business Economics,78.75
8,Kajal Patel,Male,9/28/1999,23,6.9,B.Tech,Electronics And Communication Engineering,82.7
9,Arun Bakshi,Male,1/21/2000,23,8.13,B.Pharm,Law,81.11
10,Meena Pandey,Male,7/26/2002,28,8.41,B.E.,Hotel Management,70
11,Sharad Oberoi,Male,3/15/2000,27,7.3,B.B.A.,General,73.2
12,Harsh Patel,Male,4/14/2001,24,5.83,BDS,Food Science And Technology,71.7
13,Ashwin Hanjra,Male,10/24/1998,22,7.27,B.Com. (Hons.),Commerce,79.73
14,Aarav Kapoor,Male,8/14/1998,23,6.95,B.B.A.,Marketing And Human Resource,79.7
15,Shailee Chaudhary,Female,3/28/1999,22,8.73,B.B.A.,Marketing And Finance,84.05
16,Nitin Kapoor,Male,10/25/2000,25,8.33,B.Sc. (Hons.),Zoology,75.48
17,Kunal Patnaik,Male,8/21/2000,23,6.79,B.Tech,Civil Engineering,79.1
18,Shreya Dhillon,Female,3/25/2002,22,7.51,B.Com. (Hons.),General,72.3
19,Fatima Suri,Female,5/30/1998,24,7.88,B.A. (Hons.),Economics,87.69
20,Kabir Nigam,Male,3/13/1998,26,7.34,B.B.A.,General,73.2
21,Riya Lal,Female,7/29/2002,23,6.58,B.Com. (Hons.),General,79.6
22,Manish Mohanty,Male,9/30/2000,24,6.82,B.Tech,Commerce,76.9
23,Kunal Nair,Male,2/21/1999,25,7.55,B.A. LLB,Finance,80.6
24,Devendra Kulkarni,Male,3/17/1994,25,7.02,B.Com. (Hons.),Logistics Management,80.2
25,Dinesh Iyer,Male,8/17/1998,21,7.32,B.Sc.,Hotel Management,77.45
26,Riya Bose,Female,2/20/2002,23,6.46,B.A. (Hons.),English,65
27,Raghav Suri,Male,4/27/2001,22,7.54,B.B.A.,Management,75.62
28,Pallavi Pillai,Female,7/27/2002,24,8.31,B.B.A.,General,78.75
29,Shraddha Dwivedi,Female,7/14/1998,22,7.58,B.A. (Hons.),Economics,87.55
30,Jitendra Suri,Male,9/20/1998,22,6.36,B.B.A.,General,77.81
31,Aman Rathi,Male,10/30/1999,23,7.04,B.B.A.,Commerce,78.83
32,Aman Tiwari,Male,8/26/2001,25,6.43,B.Com. (Hons.),Electrical And Electronics Engineering,71.82
33,Keshav Garg,Male,3/29/1999,22,6.65,B.Com.,Mechanical Engineering,53.83
34,Namrata Gill,Female,11/29/1999,28,8.33,B.A. (Hons.),Economics,60.6
35,Ankita Nigam,Female,4/18/2001,23,6.34,B.B.A.,Accounting And Taxation,79.1
36,Vijay Bedi,Male,11/15/2002,23,6.44,B.B.A.,General,81.4
37,Asha Garg,Female,12/28/2000,23,6.97,B.A. (Hons.),Economics,75.85
38,Srishti Guha,Female,8/20/2001,21,6.6,B.Sc. (Hons.),Resource Management,72.81
39,Prachi Shetty,Female,4/21/2002,23,6.93,B.A. (Hons.),Political Science,69.16
40,Yash Goswami,Male,8/21/2000,22,7.94,B.Com. (Hons.),Commerce,81.13
41,Nitin Patel,Male,5/14/2002,22,6.82,B.Com.,Chemical Engineering,76.19
42,Jitendra Sodhi,Male,3/17/1994,30,7.47,B.Tech,Electrical Engineering,68.38
43,Ashwin Garg,Male,3/26/2001,22,7.02,B.E.,Physics,72.27
44,Kabir Rana,Male,3/15/2002,22,5.41,B.B.A.,Marketing,68.81
45,Rahul Sandhu,Male,10/15/1999,26,7.6,B.Tech,Electrical Engineering,79.1
46,Harish Malhotra,Male,4/30/1999,22,7.51,B.Sc.,"Statistics, Mathematics, Information Technology",84.05
47,Harish Aggarwal,Male,5/18/1998,22,7.64,B.Tech,Mechanical And Automation Engineering,75.62
48,Rishi Chahal,Male,8/27/2001,25,6.85,B.B.A.,General,76.2
49,Deepak Yadav,Male,4/14/2001,24,5.83,B.B.A.,General,81.8
50,Yash Pillai,Male,7/23/2000,21,6.52,B.B.A.,Finance,77.75
51,Nandini Chaudhary,Female,9/25/2002,23,8.39,B.Com. (Hons.),General,79.45
52,Rajat Krishna,Male,9/21/1999,24,7.75,B.Com. (Hons.),Accountancy,75.23
53,Suraj Mishra,Male,7/14/1998,29,6.16,B.Tech,Mechanical Engineering,63.9
54,Vivek Sekhon,Male,12/15/1997,25,6.8,B.Tech,Computer Science Engineering,76.9
55,Ashwini Pandey,Female,10/17/2002,23,7.83,B.Com. (Hons.),Commerce,73.68
56,Mukesh Nair,Male,11/15/1997,26,6.33,B.Tech,Civil Engineering,77.9
57,Kunal Sodhi,Male,6/23/2000,22,7.98,B.Com. (Hons.),Commerce,77.71
58,Preeti Mann,Female,5/14/2001,21,6.68,B.A.,History And Political Science,60
59,Vijay Mehta,Male,8/18/1998,26,7.19,B.Sc. (Hons.),Zoology,61.56
60,Shruti Goswami,Female,7/31/2001,25,6.35,B.Tech,Electronics And Communication Engineering,63.65
61,Sadia Nigam,Female,7/29/2002,23,7.47,B.Sc. (Hons.),Statistics,89.2
62,Manisha Patel,Female,8/13/1998,23,6.68,B.A. (Hons.),Economics,58
63,Harini Mann,Female,8/25/1998,23,8.32,B.Com. (Hons.),Commerce,76.38
64,Jitendra Sekhon,Male,7/25/2000,23,8.28,B.A.,Physical Science With Chemistry,82.5
65,Rajeev Iyer,Male,7/20/2000,23,8.6,B.Com. (Hons.),Marketing,96.6
66,Mukesh Sidhu,Male,8/31/1992,27,6.95,B.B.A.,General,73.2
67,Kartik Malhotra,Male,5/30/1999,24,8,B.Tech,General,79.84
68,Sachin Aggarwal,Male,1/14/2002,29,7.19,B.C.A.,Electrical Engineering,65.8
69,Anurag Lal,Male,8/31/1992,24,7.32,B.Tech,Mechanical Engineering,76.9
70,Kritika Khanna,Female,4/17/2001,24,7.26,B.Com. (Hons.),Commerce,62
71,Nitin Patnaik,Male,4/27/2001,23,7.19,B.Com.,General,83.58
72,Alisha Rathi,Female,8/14/1998,27,6.73,B.E.,Computer Science Engineering,63.75
73,Trisha Nair,Female,2/28/1998,27,7.53,B.Com. (Hons.),General,70.73
74,Sneha Sekhon,Female,7/20/2001,22,8.13,B.Com. (Hons.),Commerce,78.7
75,Smriti Rana,Female,9/20/1998,22,6.2,B.Com. (Hons.),Commerce,78.57
76,Siddhesh Rawat,Male,2/15/1993,21,6.36,B.A. (Hons.),English Hons,70.07
77,Kabir Mishra,Male,7/17/2000,24,7.49,B.Com. (Hons.),Accountancy,84.9
78,Zoya Bhullar,Female,5/18/1998,26,7.45,B.Com.,General,62.47
79,Surbhi Arora,Female,3/20/2002,23,7.47,B.B.A.,Finance,72.5
80,Preeti Kalra,Female,8/20/2001,21,7.68,B.Com. (Hons.),General,95.03
81,Aakash Shetty,Male,12/14/1996,24,8.39,B.Com. (Hons.),Commerce,59.8
82,Arvind Gupta,Male,11/21/1999,24,7.36,B.Tech,Mechanical Engineering,72.52
83,Swati Oberoi,Female,10/19/2000,23,7.83,B.B.A.,General,80.7
84,Meghna Rawat,Female,3/18/1997,22,7.81,B.B.A.,General,65.94
85,Vikram Sodhi,Male,10/15/1999,26,6.64,B.Com.,Computer Science Engineering,68
86,Pallavi Nigam,Female,3/28/2000,22,8.39,B.B.A.,General,84.05
87,Samarth Rout,Male,3/26/2001,22,7.02,B.B.A.,General,89.3
88,Saurabh Bose,Male,10/29/2001,24,7.15,B.Tech,Mechanical Engineering,61.8
89,Shraddha Bhandari,Female,9/19/2000,24,8.2,B.A. LLB,Law,87.57
90,Sneha Kapoor,Female,3/13/1998,22,7.51,B.Com. (Hons.),Human Resource Management,86.5
91,Aarav Patnaik,Male,3/31/2002,22,6.48,B.Sc. (Hons.),Hospitality And Hotel Administeration,81.6
92,Aarushi Patel,Female,7/29/1993,23,6.58,B.Com.,General,71.5
93,Anurag Chopra,Male,12/16/1998,24,7.02,B.A. (Hons.),English,84.4
94,Rajat Rana,Male,8/17/1998,24,6.71,B.C.A.,Finance,78.82
95,Namrata Ahluwalia,Female,9/30/2000,25,7.71,B.A. (Hons.),Sociology,80.5
96,Nitin Venkatesh,Male,12/20/1999,23,5.64,B.E.,Marketing Management And Retail Business,70.07
97,Raj Das,Male,5/30/1999,24,7.22,B.Com.,Textile Technology,77.19
98,Pranav Dhillon,Male,2/22/2002,22,7.25,B.B.A.,General,85.1
99,Rakesh Mishra,Male,5/26/1999,28,7.58,B.Tech,Electronics And Communication Engineering,66.77
100,Manisha Gill,Female,8/15/1997,27,6.73,B.Tech,Accounting,73.8
101,Aarushi Pillai,Female,9/30/2000,25,7.51,B.B.A.,General,79.1
102,Navin Jain,Male,12/20/2000,23,5.64,B.E.,Food Science And Technology,68.47
103,Preeti Kulkarni,Female,4/23/1999,22,7.83,B.Com. (Hons.),General,82.69
104,Bhavna Chahal,Female,12/31/1999,23,8.18,B.B.A.,Accounting And Finance,79.4
105,Ragini Menon,Female,5/31/2001,22,8.07,B.Sc. (Hons.),Computer Science Engineering,87.9
106,Kavya Mathur,Female,10/20/2001,22,6.63,B.B.A.,General,71.23
107,Rohan Malhotra,Male,9/14/2000,24,7.85,B.Tech,Computer Science Engineering,87.57
108,Raj Aggarwal,Male,3/13/2000,22,7.49,B.B.A.,Finance,86.7
109,Ishita Deshpande,Female,12/15/1998,24,6.66,B.Com.,General,68
110,Aryan Saxena,Male,4/18/2001,23,6.76,B.B.A.,General,69.83
111,Rakesh Talwar,Male,4/27/2001,28,6.86,B.Tech,Mechanical Engineering,67.06
112,Rajat Verma,Male,8/27/2001,25,6.85,B.B.A.,General,71.7
113,Rajeev Chopra,Male,2/28/1998,25,7.55,B.E.,Zoology,77.71
114,Rohan Yadav,Male,10/15/1999,23,8.18,B.Com. L.L.B,Management,63.42
115,Chandan Bains,Male,2/15/1993,23,8.18,B.Com.,Chemical Engineering,81.22
116,Chetan Das,Male,4/14/2001,23,7.38,B.Sc. (Hons.),Physical Science With Chemistry,79.45
117,Fatima Mohanty,Female,7/20/2001,23,6.34,B.Com. (Hons.),General,70.21
118,Harish Nair,Male,5/24/2001,24,7.02,B.Tech,General,75
119,Ajay Rana,Male,11/26/2002,24,8.54,B.Com. (Hons.),Commerce,76
120,Raghav Gupta,Male,2/24/1999,25,6.96,B.Com. (Hons.),General,61.8
121,Satish Dhar,Male,10/23/2000,22,7.45,B.Com. (Hons.),General,75.95
122,Rajendra Gupta,Male,10/13/2000,27,7.9,B.Tech,Computer Science Engineering,70
123,Jayant Bhatt,Male,3/15/2000,25,7.02,B.Com. (Hons.),Mechatronics Engineering,80.2
124,Swati Naidu,Female,7/25/2002,22,7.55,B.B.A.,Marketing And Finance,84.05
125,Asmita Hanjra,Female,8/25/2001,25,7.87,B.B.A.,Marketing,76
126,Saket Joshi,Male,8/30/2000,24,8,B.Com. (Hons.),Computer Science Engineering,86.07
127,Rajat Dwivedi,Male,3/26/2002,20,7.48,B.Com.,Information Technology,75.27
128,Parth Aggarwal,Male,2/18/2000,24,7.41,B.Tech,Mechanical Engineering,65.28
129,Kiran Mishra,Female,3/30/2001,23,7.83,B.B.A.,General,80.7
130,Bhavya Behera,Female,3/28/1996,22,8.11,B.Com. (Hons.),General,67.5
131,Ruchika Mathur,Female,5/24/2001,25,6.87,B.E.,Biology,88.7
132,Pranav Kalra,Male,7/20/2001,23,6.52,B.Com. (Hons.),General,82.6
133,Arpita Patel,Female,4/18/2001,23,6.4,B.Sc. (Hons.),Statistics,77.62
134,Sadia Das,Female,7/27/1992,23,7.54,B.B.A.,General,83.9
135,Sameera Ahluwalia,Female,7/14/2002,22,7.15,B.B.A.,General,86.7
136,Vishal Purohit,Male,11/25/1999,23,7.64,B.Com. (Hons.),Commerce,65.34
137,Mahesh Grewal,Male,10/27/1995,24,6.76,B.Com. (Hons.),General,86
138,Ashwin Purohit,Male,5/14/2002,24,6.67,B.Tech,Electrical Engineering,77.71
139,Vivaan Reddy,Male,8/22/2002,23,7.08,B.Tech,Information Technology,80.5
140,Aman Venkatesh,Male,1/23/2001,23,8.33,B.Com. (Hons.),General,82.5
141,Vijay Venkatesh,Male,9/21/1999,23,6.9,B.Tech,Civil Engineering,81.7
142,Dhruv Bains,Male,1/15/2000,23,7.04,B.Com.,Finance,73.1
143,Zoya Bedi,Female,7/24/2000,25,7.17,B.B.A.,General,53.39
144,Ajay Hooda,Male,4/23/1999,24,7.22,B.Com.,Commerce,70
145,Kartik Naidu,Male,3/29/1999,22,6.65,B.B.A.,General,80.6
146,Vimal Mittal,Male,6/28/2002,23,7.79,B.Com. (Hons.),General,87.11
147,Siddhesh Mishra,Male,2/21/1999,24,7.4,B.Com. (Hons.),Commerce,77.99
148,Trisha Tripathi,Female,8/22/2002,22,7.47,B.Com.,General,86.5
149,Deepak Yadav,Male,4/21/2002,22,8.37,B.Com. (Hons.),Banking,79.45
150,Ajay Grewal,Male,3/28/2000,23,7.79,B.Com. (Hons.),General,87.11
151,Shraddha Bhatt,Female,2/20/2002,28,7.1,B.Sc.,Biology,88
152,Akanksha Das,Female,11/25/2001,22,6.21,B.Sc. (Hons.),Statistics,75.54
153,Ira Bose,Female,9/19/2000,23,7.6,B.Com. (Hons.),General,75.5
154,Vishal Singh,Male,10/15/2000,26,6.64,B.Tech,General,77.9
155,Sameera Goswami,Female,2/15/1993,22,7.83,Bachelors of Mass Media,Management,76.1
156,Preeti Lal,Female,11/28/2002,24,7.1,B.Com.,Financial Accounting And Auditing,68.87
157,Rahul Pandey,Male,7/21/2000,22,6.55,B.Sc.,Mathematics And Computing,81.6
158,Madhavi Bedi,Female,9/25/2002,22,7.09,B.B.A.,General,71.34
159,Ameena Deshpande,Female,9/25/2002,22,8.01,B.B.A.,General,92.4
160,Prachi Vyas,Female,2/27/2001,22,7.02,B.A. (Hons.),Business Economics,69.16
161,Karishma Reddy,Female,9/19/2000,23,8.32,B.Com. (Hons.),Commerce,87.3
162,Sameera Krishna,Female,3/18/1998,22,7.81,B.Com. (Hons.),General,82.69
163,Harish Panday,Male,11/29/1999,25,6.67,B.Com. (Hons.),General,80.6
164,Manish Bedi,Male,12/16/2001,23,6.98,B.Sc.,Bsc. Hons Mathematics (Economics Minor),76.19
165,Tejas Mann,Male,12/16/1998,24,7.32,B.Tech,Chemical Engineering,76.9
166,Devendra Iyer,Male,7/24/2000,24,7.72,B.Com. (Hons.),General,60
167,Vivaan Goel,Male,10/30/1996,25,7.86,B.Tech,General,81.13
168,Ashok Reddy,Male,8/17/1998,25,6.72,B.A. (Hons.),Economics,62.7
169,Bhavesh Ahluwalia,Male,3/23/2000,22,7.46,B.Com. (Hons.),General,77.9
170,Manish Dwivedi,Male,3/23/1999,23,4.94,B.B.A.,General,70.6
171,Arvind Sandhu,Male,1/16/2001,29,8.73,B.Tech,Electronics And Communication Engineering,70
172,Jitendra Gill,Male,9/28/1999,23,6.81,B.B.A.,Marketing And Human Resource,76.19
173,Sachin Bhatt,Male,3/30/2001,24,6.76,B.Tech,Electrical Engineering,84.5
174,Yogesh Guha,Male,2/26/2000,21,7.25,B.Com. (Hons.),Commerce,74.07
175,Jyoti Kohli,Female,6/23/2000,24,8.31,B.Com.,Commerce,73.81
176,Jitendra Pannu,Male,7/31/2001,23,7.66,B.Com.,Finance,69.58
177,Suraj Verma,Male,11/26/2001,24,7.41,B.Tech,Electronics And Communication Engineering,77.99
178,Ameena Sangwan,Female,7/29/2002,23,7.47,B.Sc. (Hons.),Physics,81.5
179,Sadia Bhatia,Female,7/20/2001,23,6.34,B.B.A.,Finance,70.21
180,Meera Saxena,Female,4/21/2002,22,8.13,B.B.A.,General,84.5
181,Omkar Ahluwalia,Male,8/22/2000,29,7.19,B.Tech,Electrical And Electronics Engineering,68.38
182,Jitendra Garg,Male,7/28/2002,22,7.19,B.B.A.,General,85.32
183,Kajal Jain,Female,3/15/2002,23,7.71,B.Com. (Hons.),Accounting And Finance,82.27
184,Meghna Rana,Female,10/27/2000,25,6.66,Bachelor of Architecture,Electrical Engineering,88.7
185,Ankit Gill,Male,5/26/1999,24,7.35,B.Tech,Mechanical Engineering,61.8
186,Ajay Menon,Male,12/16/2001,24,6.87,B.Com.,Computer Science Engineering,87.3
187,Lavanya Kalra,Female,4/15/2002,21,6.85,B.B.A.,General,89.3
188,Navin Grewal,Male,5/24/2001,24,7.26,B.B.A.,Marketing,84.2
189,Suraj Chaudhary,Male,9/20/1998,22,7.98,B.Sc.,Hotel Management,77.71
190,Chetan Tiwari,Male,1/23/2001,22,8.28,B.Com. (Hons.),Commerce,88.1
191,Vidya Saxena,Female,4/18/2001,21,8.31,B.B.A.,Commerce,92.4
192,Prakash Sandhu,Male,11/30/2000,25,6.67,B.Com. (Hons.),Accountancy,79.28
193,Charu Patel,Female,4/21/2002,22,8.13,B.B.A.,General,83.5
194,Mukesh Naidu,Male,12/20/2002,23,5.64,B.B.A.,General,68.81
195,Ananya Das,Female,8/15/1997,27,6.73,B.Sc.,Biology,73.8
196,Rajat Suri,Male,5/20/2000,23,7.73,B.B.A.,General,87.11
197,Bharat Kulkarni,Male,5/30/1999,26,7.22,B.Tech,Mechanical Engineering (Hons.),77.33
198,Jyoti Kalra,Female,8/20/2001,21,7.68,B.Sc. (Hons.),Physics,95.03
199,Sneha Tripathi,Female,5/20/2000,24,7.88,B.Com. (Hons.),Commerce,77.14
200,Devendra Das,Male,7/20/2000,23,7.36,B.B.A.,General,91.9
201,Vidya Khanna,Female,4/15/2002,23,8.15,B.A. (Hons.),Economics,84.83
202,Siddhesh Nigam,Male,11/21/1999,23,6.69,B.Com. (Hons.),General,90.8
203,Namrata Patnaik,Female,8/14/1998,27,6.67,B.Sc.,Life Science,68.19
204,Kartik Suri,Male,4/23/1999,25,7.22,B.B.A.,General,72.52
205,Rajni Pillai,Female,9/28/1999,23,8.32,B.B.A.,General,85.6
206,Manisha Goel,Female,10/20/2001,23,8.02,B.Com.,Electronics And Communication Engineering,63.25
207,Kanika Venkatesh,Female,8/23/2000,23,7.81,B.Sc.,Computer Science,77.87
208,Anurag Singh,Male,9/14/2000,20,6.52,B.Sc.,Information Science Engineering,76.19
209,Sadia Das,Female,2/28/1998,22,7.55,B.Tech,Commerce,82.27
210,Raghav Rastogi,Male,7/24/2000,24,7.62,B.Com. L.L.B,Pharmacy,80.4
211,Rajat Sandhu,Male,2/19/2002,23,8.18,B.Com. L.L.B,Management,63.42
212,Dinesh Sandhu,Male,1/23/2001,23,8.33,B.Com. (Hons.),Commerce,80.88
213,Manish Hooda,Male,8/16/2002,23,7.51,B.Sc.,Bsc. Hons Mathematics (Economics Minor),75.27
214,Uday Dwivedi,Male,3/31/2001,22,7.12,B.B.A.,Finance,83.4
215,Vimal Venkatesh,Male,8/30/2000,27,6.68,B.Tech,Information Technology,70.7
216,Vijay Venkatesh,Male,11/30/2000,24,7.73,B.Tech,Computer Science Engineering,86.5
217,Aakash Sidhu,Male,3/25/2002,22,6.71,B.B.A.,Human Resource Management,71.34
218,Chirag Aggarwal,Male,9/23/2002,27,6.42,B.Tech,General,77.9
219,Anil Gill,Male,9/28/1999,24,5.93,B.Com. (Hons.),Commerce,71.7
220,Hemlata Ahluwalia,Female,8/27/2001,23,7.21,B.Com.,General,66.75
221,Hemant Mittal,Male,2/20/2002,23,6.83,B.Tech,Civil Engineering,69.83
222,Aryan Patnaik,Male,3/29/1999,26,8.33,B.E.,Bio-Technology,63.63
223,Nandini Hooda,Female,7/14/1998,29,8,B.D.S.,Electronics And Communication Engineering,65.3
224,Divya Rathi,Female,7/27/2001,23,7.54,B.Com.,Mathematics,68.11
225,Abhishek Sekhon,Male,4/28/2000,22,6.97,B.Tech,Mechanical Engineering,75.7
226,Gaurav Gill,Male,7/17/2000,27,7.94,B.B.A.,Mechatronics Engineering,73.2
227,Kiran Venkatesh,Female,7/22/2002,22,7.94,B.A. (Hons.),Business Economics,84.73
228,Kajal Kataria,Female,10/29/2001,28,8.33,B.A. (Hons.),English,80.13
229,Jyoti Bose,Female,5/24/2001,24,7.56,B.Com. (Hons.),Commerce,80.23
230,Rajendra Sodhi,Male,3/31/2002,22,7.02,B.E.,Physical Science With Computer Science,75.81
231,Aditya Garg,Male,12/15/2000,26,7.81,B.Com. (Hons.),Commerce,59.31
232,Vaishnavi Bains,Female,12/30/2000,23,7.96,B.Com. (Hons.),Finance,77.23
233,Rohan Yadav,Male,10/19/2000,26,7.81,B.Tech,Finance,88.7
234,Pradeep Guha,Male,5/14/2002,27,6.78,B.Sc.,Hotel Management,68.19
235,Sachin Chopra,Male,3/13/1998,26,7.04,B.Tech,Co-Operation,66.77
236,Sachin Sodhi,Male,8/17/1998,23,8.03,B.Tech,Mechanical And Automation Engineering,79.99
237,Suraj Garg,Male,1/31/2001,25,7.36,B.A. LLB,Finance,79.28
238,Abhishek Bose,Male,7/24/2002,30,7.49,B.Com. L.L.B,Journalism,65.3
239,Rekha Mehta,Female,9/25/2002,22,7.09,B.B.A.,General,71.34
240,Rohan Goswami,Male,3/26/2001,22,6.48,B.A.,Civil Engineering,71
241,Rishi Thakur,Male,7/13/2001,21,6.76,B.Sc.,Physical Science With Computer Science,78.3
242,Aradhana Jain,Female,3/18/1998,22,6.76,B.Com. (Hons.),General,82
243,Aarav Dwivedi,Male,4/29/2000,25,7.04,B.Sc.,Economics,68.55
244,Swati Sekhon,Female,7/14/1998,22,6.21,B.Com.,Finance,58
245,Hemant Chopra,Male,11/16/2000,24,6.13,B.Tech,Electrical Engineering,74.2
246,Satish Naidu,Male,11/26/2002,24,6.11,B.Com. (Hons.),Finance,86.5
247,Deepak Bains,Male,7/29/1993,21,7.49,BMS,Information Science Engineering,82.46
248,Manish Nair,Male,10/19/2000,24,7.43,B.Tech,Mechanical Engineering,82.58
249,Kartik Joshi,Male,1/22/2001,22,8.26,B.A.,Physics,79.99
250,Shraddha Sodhi,Female,3/25/2002,23,6.98,B.Com. (Hons.),General,77.3
251,Abhay Sekhon,Male,8/17/1998,22,8.45,B.Com.,Automotive Design,82.46
252,Surbhi Jain,Female,4/15/2002,21,8.31,B.B.A.,General,92.4
253,Harendra Verma,Male,6/30/1998,22,8.13,B.B.A.,General,79.99
254,Aarav Mohanty,Male,6/30/1998,22,8.13,B.B.A.,General,81.11
255,Anil Purohit,Male,11/13/2000,22,7.4,B.Com. (Hons.),Accounting And Finance,77.9
256,Ajay Tiwari,Male,3/31/2001,23,7.28,B.C.A.,Physics,88.8
257,Mukesh Sethi,Male,8/22/2000,29,7.51,B.Pharm,Dentistry,64.13
258,Ameena Arora,Female,12/31/1999,24,6.66,B.B.A.,General,71.7
259,Asha Malhotra,Female,6/28/2002,23,7.77,B.Com. (Hons.),Commerce,87.4
260,Jyoti Rout,Female,3/13/1998,24,8.32,B.Com. (Hons.),General,76
261,Arjun Rana,Male,4/23/1999,25,7.71,B.E.,Bio-Technology,65.73
262,Mahesh Garg,Male,4/14/2001,25,7.56,B.E.,Zoology,72.5
263,Dhruv Mittal,Male,3/15/2002,22,7.46,B.Sc. (Hons.),Computer Science,81.22
264,Vivaan Bose,Male,7/24/2000,22,6.36,B.Com. (Hons.),Commerce,77.81
265,Deepak Nair,Male,8/23/2000,23,7.51,B.B.A.,General,95.2
266,Kabir Rathi,Male,4/27/2001,22,7.75,B.B.A.,General,90.1
267,Kavya Mittal,Female,6/28/2002,24,7.56,B.Sc. (Hons.),Botany,80.23
268,Rahul Saxena,Male,11/17/2001,27,7.88,B.B.A.,Mechatronics Engineering,73.2
269,Ruchika Patel,Female,3/30/2001,23,8.02,B.Com. (Hons.),Accounting And Taxation,82.13
270,Akanksha Gupta,Female,10/17/1999,24,6.79,B.Com. (Hons.),General,79.46
271,Ameena Sidhu,Female,11/25/2001,24,8.31,B.Sc.,Database Management Systems,73.81
272,Jyoti Patnaik,Female,11/21/1999,26,7.98,B.Com. (Hons.),General,65.98
273,Arvind Khanna,Male,3/17/2002,23,7.21,B.Sc.,Bsc. Hons Mathematics (Economics Minor),79.45
274,Rajat Venkatesh,Male,12/18/2000,25,6.95,B.A. (Hons.),Economics,72.3
275,Chandan Talwar,Male,3/30/2001,22,8.33,B.Com. (Hons.),General,77.71
276,Hemlata Hanjra,Female,8/14/1998,27,8.02,B.Com. (Hons.),General,70.73
277,Hemlata Kaur,Female,3/26/2002,23,7.71,B.B.A.,Commerce,79.4
278,Surbhi Vyas,Female,7/20/2002,23,8.43,B.Com. (Hons.),General,76.57
279,Pooja Goswami,Female,7/14/1998,26,7.98,B.Com. (Hons.),General,80.8
280,Siddhesh Chahal,Male,1/23/2000,28,5.67,B.B.A.,General,66.64
281,Deepak Bedi,Male,8/27/2001,26,5.82,B.E.,Electronics And Communication Engineering,63.63
282,Rudra Rana,Male,8/20/2002,26,5.86,B.B.A.,General,77.33
283,Manisha Dhar,Female,5/30/1998,24,6.87,B.B.A.,General,77.14
284,Arpita Deshpande,Female,10/28/1999,25,7.06,B.E.,General,70.78
285,Deepak Dwivedi,Male,7/21/2000,24,8.28,B.Com. (Hons.),Accounting And Finance,81.4
286,Aakash Sodhi,Male,7/24/2000,22,6.52,B.B.A.,Marketing And Human Resource,79.7
287,Urmila Sidhu,Female,4/18/2001,22,6.2,B.A. (Hons.),Political Science,69.63
288,Varsha Bhullar,Female,11/28/2002,25,6.08,B.Tech,Electronics And Communication Engineering,69.2
289,Ashok Dhillon,Male,3/17/1994,22,7.46,B.A.,Economics,69.5
290,Komal Lal,Female,4/21/2002,22,7.83,B.B.A.,General,77.83
291,Kavya Mishra,Female,8/20/2002,21,6.3,B.Sc. (Hons.),General,78.9
292,Anjali Bajwa,Female,10/28/1999,25,7.06,B.E.,Hospitality,70.78
293,Avni Bhullar,Female,7/15/1998,23,7.21,B.Com. (Hons.),Commerce,69.81
294,Simran Mishra,Female,9/20/1998,24,7.38,B.A. (Hons.),English Literature,80.2
295,Namrata Bhatia,Female,3/22/2001,22,7.1,B.B.A.,General,66.6
296,Dhruv Sandhu,Male,10/28/2001,24,7.19,B.Com.,Electrical Engineering,72.3
297,Kiran Malhotra,Male,7/20/2001,23,7.36,B.Com. (Hons.),Commerce,82.67
298,Sanya Chhabra,Female,5/23/2002,24,6.87,B.B.A.,General,85
299,Rakesh Grewal,Male,4/30/1999,24,7.32,B.B.A.,General,71.5
300,Ankita Arora,Female,8/23/2000,22,6.2,B.B.A.,General,70.4
301,Geeta Chahal,Female,8/20/2001,21,7.94,B.B.A.,Commerce,85.6
302,Naina Chhabra,Female,2/21/1999,23,6.93,B.Sc. (Hons.),Chemistry,75.54
303,Jitendra Bajwa,Male,7/24/2000,23,7.09,B.B.A.,General,92.3
304,Anurag Shetty,Male,1/18/2000,25,6.57,B.Com. (Hons.),General,79.28
305,Rahul Chahal,Male,4/23/1999,25,7.36,B.Com.,Mechanical And Automation Engineering,86.5
306,Akanksha Bajwa,Female,2/19/2002,22,7.27,B.A. (Hons.),Economics,87.9
307,Tanya Venkatesh,Female,3/28/1996,22,7.7,B.Com. (Hons.),Human Resource Management,80.7
308,Swati Khanna,Female,8/14/2002,23,6.81,B.A. (Hons.),Economics,58
309,Devendra Rout,Male,11/20/2000,25,5.83,B.Com. (Hons.),Civil Engineering,61.7
310,Sameera Mathur,Female,3/28/2000,27,7.58,B.Com. (Hons.),General,73.8
311,Mohan Chhabra,Male,7/24/2002,22,7.57,B.Com. (Hons.),General,77.9
312,Ayesha Pannu,Female,7/22/2002,24,7.34,B.Com. (Hons.),General,71.9
313,Nitin Singh,Male,8/25/1998,23,7.28,BMS,Retail Management and IT,84.3
314,Jaya Patel,Female,7/29/2002,23,7.47,B.Sc. (Hons.),Statistics,89.2
315,Abhay Goswami,Male,2/27/2001,22,7.46,B.B.A.,General,77.9
316,Aman Chhabra,Male,9/18/2001,22,7.18,B.Com.,Commerce,74.07
317,Jaya Dhillon,Female,2/17/2001,28,8,B.Com. (Hons.),General,67.06
318,Vivek Gupta,Male,8/16/2002,23,5.95,B.Tech,Civil Engineering,81.7
319,Anushka Goswami,Female,11/25/2001,24,7.08,B.B.A.,General,71.9
320,Hemant Mann,Male,2/15/1993,27,6.78,B.Sc.,Life Science,71.7
321,Ravi Deshpande,Male,8/25/1998,23,7.28,B.B.A.,Management,75.62
322,Farah Tripathi,Female,7/21/2000,25,6.35,B.B.A.,Commerce,63.65
323,Varun Pannu,Male,11/26/2002,22,7.57,B.B.A.,General,82.9
324,Rajni Talwar,Female,8/31/1992,23,7.7,B.Com. (Hons.),General,80.7
325,Simran Nair,Female,8/16/1999,27,7.53,B.Com.,Civil Engineering,68.9
326,Sameera Deshpande,Female,9/14/1999,22,7.47,B.A. (Hons.),Economics,76.51
327,Siddharth Kaur,Male,11/27/1998,23,7.45,B.B.A.,General,75.27
328,Kritika Chopra,Female,7/24/2000,23,7.55,B.B.A.,General,83.9
329,Bharat Rana,Male,8/27/1995,27,7.66,B.Tech,Electronics And Communication Engineering,70
330,Tanvi Sidhu,Female,6/24/1996,28,8.33,B.Com. (Hons.),General,67.56
331,Aarushi Bhandari,Female,7/23/2000,24,7.7,B.B.A.,General,60
332,Hemlata Kaur,Female,3/25/2002,26,6.98,B.Tech,Electronics And Communication Engineering,81.7
333,Kabir Oberoi,Male,1/23/2000,22,7.64,B.B.A.,General,82.9
334,Pradeep Reddy,Male,8/17/1998,24,7.51,B.B.A.,General,79.1
335,Vishal Behera,Male,7/24/2000,21,7.09,B.B.A.,General,77.75
336,Vijay Tiwari,Male,5/30/1999,24,6.67,B.B.A.,Finance,71.95
337,Samarth Bose,Male,4/18/2001,23,7.04,B.Sc. (Hons.),Physics,82.8
338,Farah Tripathi,Female,3/28/1996,24,7.77,B.A. (Hons.),Economics,76.86
339,Kiran Bose,Female,3/25/2002,22,7.83,B.Com. (Hons.),General,82.69
340,Rajat Venkatesh,Male,5/30/1999,24,7.73,B.E.,Hotel Management,82.4
341,Shubham Venkatesh,Male,1/20/1999,23,6.93,B.B.A.,General,74.76
342,Tanvi Deshpande,Female,3/13/2002,23,6.93,B.B.A.,General,66
343,Farah Ahluwalia,Female,4/29/2000,22,7.81,B.Com. (Hons.),Human Resource Management,70.04
344,Vidya Hanjra,Female,10/21/1999,23,8.02,B.Com.,General,63.25
345,Trisha Rawat,Female,4/29/2000,22,7.81,B.Com. (Hons.),General,78.7
346,Nitin Joshi,Male,11/23/1999,22,7.13,B.Sc.,Hospitality And Hotel Administeration,81.6
347,Sharad Lal,Male,11/26/2002,27,6.74,B.B.A.,Electrical Engineering,67.9
348,Anjali Mohanty,Female,3/30/2001,23,7.6,B.Com. (Hons.),Accounting,82.13
349,Sachin Grewal,Male,3/27/2002,23,7.01,B.B.A.,General,84.3
350,Parth Kaur,Male,3/30/2001,22,8.33,B.B.A.,General,82.5
351,Rakesh Dhillon,Male,3/31/2001,23,6.91,B.Com. (Hons.),Mechanical Engineering,79.1
352,Uday Mahajan,Male,1/23/2000,28,5.67,B.Sc.,Physical Science With Computer Science,88
353,Sandeep Mishra,Male,2/28/2001,22,6.38,B.Tech,Commerce,80.6
354,Jitendra Purohit,Male,4/20/2000,23,6.98,B.Sc. (Hons.),Marketing Management And Retail Business,60
355,Kritika Bhatnagar,Female,7/20/2000,22,7.13,B.A. (Hons.),Economics,58
356,Tushar Ahluwalia,Male,7/25/2002,25,8.28,B.Com.,Electronics And Communication Engineering,75.48
357,Nikhil Bose,Male,3/28/2002,24,7.19,B.Com.,General,61.8
358,Vimal Sodhi,Male,8/28/1999,25,6.85,B.Tech,Information Technology,76.2
359,Fatima Gupta,Female,3/18/1998,24,7.26,B.Tech,Electronics And Communication Engineering,68.87
360,Tanvi Pannu,Female,4/17/2001,23,6.34,B.Com.,Electronics And Communication Engineering,71.5
361,Sameera Gill,Female,7/16/2000,21,6.68,B.B.A.,General,81.4
362,Siddharth Kalra,Male,8/18/2000,25,7.6,B.Tech,Mechanical Engineering,82.3
363,Vivek Hooda,Male,8/18/1998,26,7.19,B.Tech,Computer Science Engineering,67.5
364,Yash Kulkarni,Male,5/30/1999,24,8,B.Tech,Computer Science Engineering,79.84
365,Sadia Singh,Female,8/25/2001,27,7.53,B.Com.,Financial Accounting And Auditing,63.77
366,Bhavya Kalra,Female,10/22/2000,23,6.68,B.Com. (Hons.),Finance,82
367,Gaurav Menon,Male,10/23/2000,25,6.13,B.Sc. (Hons.),Bio-Technology,84.5
368,Kunal Gill,Male,2/20/2002,22,6.83,B.Sc. (Hons.),Hotel Management,81.6
369,Kanika Mishra,Female,8/27/2001,24,7.26,B.Com.,Accounting And Finance,68
370,Siddhesh Behera,Male,11/29/1999,25,7.22,B.Com. (Hons.),Accountancy,74.5
371,Rahul Hanjra,Male,2/19/2002,31,6.82,B.Sc.,Life Science,57.4
372,Riya Mishra,Female,7/27/2002,22,7.08,B.B.A.,Finance,81.7
373,Tanvi Rana,Female,3/28/2000,22,8.39,B.Com.,General,85.1
374,Sanya Thakur,Female,7/17/2000,21,7.7,B.Com.,Accounting And Finance,87
375,Aradhana Patel,Female,7/30/2001,25,6.08,B.B.A.,Commerce,71
376,Geeta Chahal,Female,4/17/2001,28,8.22,B.Com. (Hons.),Accounting And Finance,67.56
377,Siddhesh Rana,Male,8/21/2000,24,6.85,B.Sc.,Hospitality And Hotel Administeration,72.3
378,Anil Kataria,Male,5/30/1999,24,7.73,B.Com. (Hons.),General,60
379,Jayant Suri,Male,6/30/1998,24,7.62,B.Sc.,Physics Honers,82.4
380,Ishita Sandhu,Female,4/17/2001,21,8.26,B.Sc.,Database Management Systems,90.52
381,Vivaan Bhatia,Male,2/19/2002,23,7.64,B.Com. (Hons.),Finance,73.54
382,Tejas Guha,Male,5/25/1999,24,7.23,B.Sc.,Botany,68.55
383,Rajat Grewal,Male,8/14/2002,25,6.43,B.B.A.,Management Accounting,65.8
384,Garima Malhotra,Female,10/21/1999,26,8.02,B.Com. (Hons.),General,66.59
385,Diya Kataria,Female,7/20/2000,24,8.31,B.Com. (Hons.),General,73.81
386,Deepak Thakur,Male,7/23/2000,24,7.22,B.Tech,General,80.3
387,Aradhana Rout,Female,4/15/2002,23,6.87,B.Com.,Electronics And Communication Engineering,59.8
388,Jyoti Shetty,Female,8/20/2002,21,8.09,B.B.A.,Marketing,85.6
389,Ragini Chaudhary,Female,8/27/2001,22,7.9,B.B.A.,General,82.03
390,Vaishnavi Ahluwalia,Female,1/13/2003,29,7.1,B.Sc.,Physical Science With Computer Science,80.13
391,Sameera Kataria,Female,7/14/1998,22,7.92,B.A. (Hons.),Political Science,76.38
392,Lakshay Singh,Male,5/30/1999,25,7.36,B.E.,Zoology,74.5
393,Fatima Kataria,Female,2/28/1998,24,7.26,B.Tech,General,68.87
394,Saket Mishra,Male,7/25/2000,26,7.96,B.E.,Hotel Management,63.63
395,Bharat Menon,Male,10/18/2001,26,6.38,B.Tech,Finance,73.7
396,Tanya Iyer,Female,5/31/2001,22,8.73,B.Com.,General,84.05
397,Lakshay Sodhi,Male,8/27/1995,23,7.32,B.B.A.,General,86.7
398,Fatima Rastogi,Female,7/29/2002,24,7.08,B.Com. (Hons.),General,78.82
399,Harendra Rastogi,Male,3/17/1994,22,7.45,B.B.A.,General,85.1
400,Meera Sangwan,Female,5/20/2000,25,6.87,Bachelor of Architecture,Biology,87.69
401,Devendra Rastogi,Male,4/27/2001,22,8.26,B.Com.,General,71.33
402,Charu Gill,Female,4/18/2001,21,8.31,B.Com.,General,82.93
403,Ira Bhullar,Female,8/22/2000,22,7.27,B.B.A.,General,81.1
404,Parth Singh,Male,8/16/1999,22,6.97,B.Tech,Civil Engineering,73.6
405,Divya Deshpande,Female,5/31/2001,27,7.58,B.Tech,Electronics And Communication Engineering,73.8
406,Ira Mahajan,Female,4/17/2001,22,7.13,B.Sc. (Hons.),Physics,72.7
407,Uday Chaudhary,Male,8/24/2002,23,7.3,B.E.,Physical Science With Chemistry,89.2
408,Ashwin Rastogi,Male,9/28/1999,23,6.9,B.Tech,Electrical And Electronics Engineering,80.5
409,Geeta Talwar,Female,8/18/1998,22,7.55,B.Com. (Hons.),Marketing And Finance,71.96
410,Ananya Nair,Female,4/17/2001,23,7.57,B.B.A.,General,87.4
411,Riya Bajwa,Female,9/23/2002,21,7.6,B.Sc. (Hons.),General,83.3
412,Abhay Mishra,Male,5/14/2002,23,6.69,B.C.A.,Computer Applications,73.1
413,Yash Rana,Male,9/30/2000,24,7.75,B.Com. (Hons.),Mechanical Engineering,67.54
414,Sanya Goswami,Female,10/22/2001,24,6.66,B.C.A.,Database Management Systems,68
415,Rajendra Mathur,Male,2/28/1998,26,7.08,B.Tech,Computer Science Engineering,73.7
416,Sanya Bajwa,Female,9/30/2000,23,7.6,B.Voc,Finance And Accounting,84.32
417,Jaya Hooda,Female,5/23/2002,24,7.56,B.Com. (Hons.),General,76.86
418,Kunal Mittal,Male,11/17/2001,24,6.13,B.B.A.,Management,86.5
419,Sameera Bedi,Female,9/29/2001,22,7.1,B.Sc.,Mathematics,74.01
420,Rohan Bedi,Male,4/30/1999,23,7.32,B.B.A.,General,86.7
421,Arvind Mittal,Male,1/21/2000,28,6.86,B.Tech,Commerce,73.85
422,Rajni Ahluwalia,Female,7/25/2000,24,7.08,B.Com. (Hons.),General,71.9
423,Kiran Malhotra,Male,3/28/2002,23,6.93,B.Com. (Hons.),Commerce,74.76
424,Smriti Menon,Female,7/25/2002,23,7.98,B.Sc. (Hons.),Computer Science Engineering,73
425,Chandan Kataria,Male,8/28/1999,25,6.81,B.Tech,Information Technology,76.2
426,Vikram Reddy,Male,4/27/2001,22,7.13,B.B.A.,Marketing,77.75
427,Vishal Chopra,Male,1/23/2001,22,6.44,B.Com.,Commerce,77.81
428,Aman Patel,Male,4/27/2001,23,7.19,B.Com.,Mechanical Engineering,83.58
429,Aman Kulkarni,Male,10/16/2001,26,6.64,B.Tech,Commerce,88.7
430,Rajat Talwar,Male,5/31/2001,24,8,B.Sc. (Hotel And Hospitality Administration),Computer Applications,64.05
431,Geeta Nair,Female,8/20/2001,21,6.6,B.Sc. (Hons.),General,78.57
432,Siddharth Naidu,Male,9/14/2000,23,6.44,B.B.A.,General,78.83
433,Ayesha Chhabra,Female,8/14/1998,25,7.51,B.B.A.,General,79.1
434,Rajendra Kulkarni,Male,12/14/1996,24,7.88,B.B.A.,Finance,77.71
435,Aditi Bajwa,Female,10/28/1999,25,7.06,B.Tech,Electronics And Communication Engineering,88.7
436,Kajal Singh,Female,7/20/2002,23,6.7,B.Sc.,Electrical Engineering,74.01
437,Jayant Kohli,Male,4/22/2001,24,7.36,B.Com. (Hons.),General,58.72
438,Riya Mathur,Female,7/16/2000,24,7.34,B.Com. (Hons.),General,78.82
439,Ravi Bhatnagar,Male,2/24/1999,26,6.38,B.Tech,Finance,88.7
440,Rakesh Mishra,Male,2/18/2000,22,7.83,B.Com. (Hons.),Commerce,82.9
441,Prakash Kalra,Male,3/25/2002,22,6.71,B.Com. (Hons.),Accounting,73
442,Ankit Sandhu,Male,7/13/2001,23,7.23,B.Com. (Hons.),Commerce,85.32
443,Dhruv Aggarwal,Male,8/27/1995,29,6.53,B.Com.,Electronics Engineering,88
444,Tanya Guha,Female,11/25/2001,24,7.34,B.Sc. (Hons.),Food Technology,78.82
445,Shraddha Grewal,Female,5/14/2001,21,8.18,B.Com.,General,83.3
446,Sadia Suri,Female,2/27/2001,23,6.44,B.B.A.,Marketing And Finance,72.81
447,Shailee Bose,Female,2/17/2001,25,7.17,B.Tech,Commerce,69.2
448,Saurabh Chahal,Male,4/18/2001,22,6.78,B.B.A.,Marketing,68.81
449,Parth Bhandari,Male,9/25/2002,24,6.8,B.Sc.,Computer Science Hons.,72.3
450,Naveen Chhabra,Male,10/18/2001,23,8.13,B.Sc.,Physics,81.11
451,Rajat Kataria,Male,7/24/2002,24,6.58,B.Com. (Hons.),Accounting And Finance,86.5
452,Sonali Sidhu,Female,3/15/2002,26,6.67,B.Sc.,Biology,63.63
453,Bhavesh Rana,Male,9/20/1998,22,6.52,B.B.A.,General,69.83
454,Rishi Bose,Male,3/18/1997,24,7.27,B.Com. (Hons.),General,65.73
455,Harini Verma,Female,7/29/2002,22,7.87,B.Tech,Commerce,65.94
456,Omkar Dhar,Male,7/24/2000,21,6.23,B.B.A.,General,77.81
457,Vikram Sidhu,Male,9/30/2000,23,6.82,B.Com. (Hons.),Commerce,92.3
458,Ashok Thakur,Male,8/18/2000,22,7.94,B.B.A.,Marketing,94.6
459,Samarth Singh,Male,11/13/2000,21,6.78,B.B.A.,General,69.83
460,Raj Sandhu,Male,2/15/1993,22,6.98,B.Tech,General,77.57
461,Mahesh Aggarwal,Male,7/29/1993,21,7.73,BMS,Law,95.03
462,Sonali Garg,Female,4/22/2000,22,7.83,B.Com. (Hons.),General,82.27
463,Ananya Bhullar,Female,7/14/2002,24,7.4,B.Tech,Commerce,83.4
464,Shreya Patel,Female,8/23/2000,24,5.06,B.Sc.,General,68
465,Sandeep Saxena,Male,7/23/2000,21,8.6,B.Com. (Hons.),General,88.1
466,Anil Pillai,Male,11/18/2000,25,7.6,B.Com. (Hons.),Commerce,75.6
467,Rudra Sodhi,Male,3/15/2002,24,6.42,B.Com.,Commerce,54.19
468,Nitin Bajwa,Male,9/14/2000,25,7.88,B.Tech,General,90.7
469,Keshav Rana,Male,3/25/2002,22,8.28,B.B.A.,Human Resource Management,88.1
470,Aryan Mehta,Male,5/26/1999,25,7.22,B.Com. (Hons.),Accountancy,80.6
471,Lakshay Mahajan,Male,3/31/2002,24,7.19,B.B.A.,Marketing & Accounting and Finance,71.5
472,Vishal Rana,Male,7/29/1993,22,7.57,B.Com. (Hons.),General,77.9
473,Ira Guha,Female,8/20/2002,22,6.63,B.Com.,General,71.5
474,Harish Yadav,Male,12/30/2000,25,6.83,B.B.A.,Marketing & Accounting and Finance,70
475,Zoya Singh,Female,9/14/1999,23,6.81,B.C.A.,Biology,77.62
476,Anushka Bhatnagar,Female,7/27/2002,23,7.47,B.Sc. (Hons.),Statistics,89.2
477,Anjali Bains,Female,3/28/1996,22,7.51,B.Com. (Hons.),Human Resource Management,86.5
478,Sneha Bose,Female,8/14/2002,23,6.81,B.A. (Hons.),Economics,74.01
479,Sachin Mathur,Male,7/24/2000,24,7.62,B.Com. (Hons.),General,84.6
480,Rekha Iyer,Female,2/20/2002,26,7.17,B.Sc.,Biology,61.56
481,Kartik Bhatnagar,Male,3/31/2001,23,7.79,B.Com. (Hons.),Commerce,81.13
482,Dinesh Yadav,Male,11/17/2001,24,7.73,B.Tech,Computer Science Engineering,86.5
483,Pradeep Tripathi,Male,1/20/2002,25,7.3,B.Tech,General,75.5
484,Ira Kapoor,Female,3/13/2000,21,7.17,B.Com. (Hons.),General,81.1
485,Anurag Gill,Male,6/23/2000,22,6.52,B.Sc.,Physics,82.8
486,Garima Sandhu,Female,11/21/1999,24,8.24,B.A. (Hons.),English,79.46
487,Aakash Kalra,Male,5/26/1999,27,7.35,B.B.A.,General,59.31
488,Manish Oberoi,Male,2/24/1999,26,6.38,B.Tech,General,79.1
489,Bhavya Bedi,Female,8/14/1998,27,7.17,B.Tech,General,67.5
490,Varsha Menon,Female,12/28/2000,23,6.97,B.A. (Hons.),Economics,74.01
491,Ashok Kalra,Male,12/31/1998,22,6.5,B.Com.,Commerce,78.9
492,Urmila Gill,Female,3/27/2002,23,7.71,B.B.A.,Accounting And Finance,79.4
493,Rekha Reddy,Female,9/20/1998,22,7.1,B.B.A.,General,66
494,Chetan Yadav,Male,2/26/2000,29,6.16,B.Tech,Mechanical Engineering,68.38
495,Alisha Deshpande,Female,8/25/1998,23,7.21,B.A. (Hons.),Economics,66.75
496,Anil Verma,Male,5/14/2001,22,6.83,B.B.A.,Human Resource Management,77.75
497,Alisha Krishna,Female,6/30/1998,23,7.32,B.A. (Hons.),Economics,72.89
498,Diya Chopra,Female,8/26/1994,29,8,B.D.S.,Textile Design,64.13
499,Surbhi Patel,Female,4/29/2000,21,8.09,B.Com. (Hons.),Commerce,77.23
500,Nidhi Yadav,Female,7/27/2002,22,8.01,B.A. (Hons.),English,89.7
